covariate,coef,exp(coef),se(coef),coef lower 95%,coef upper 95%,exp(coef) lower 95%,exp(coef) upper 95%,cmp to,z,p,-log2(p)
norm_AD_imaging_score,0.5889550105211168,1.8021042511211212,0.04063469079194918,0.509312480045975,0.6685975409962586,1.664146667507908,1.9514985038981756,0.0,14.493896693753223,1.3241288933542473e-47,155.72557689590522
