covariate,coef,exp(coef),se(coef),coef lower 95%,coef upper 95%,exp(coef) lower 95%,exp(coef) upper 95%,cmp to,z,p,-log2(p)
norm_PD_imaging_score,1.2280494361671708,3.4145627138375283,0.27892778428183485,0.681361024687217,1.7747378476471245,1.9765660575771582,5.8987345664638235,0.0,4.40275048012543,1.068870735513093e-05,16.513553083969953
