covariate,coef,exp(coef),se(coef),coef lower 95%,coef upper 95%,exp(coef) lower 95%,exp(coef) upper 95%,cmp to,z,p,-log2(p)
norm_AD_imaging_score,0.38482754416634646,1.4693608997308452,0.04756072537645474,0.29161023534989494,0.478044852982798,1.3385811843228652,1.6129178259367223,0.0,8.091288371242083,5.903689724253066e-16,50.58923261743705
